type,moyenne_aggrege
Coffee,200.5895954
Energy Drinks,147.8675799
Energy Shots,193.4166667
Soft Drinks,33.67777778
Tea,55.86363636
Water,53.73076923
