type,Volume_agg,Calories_agg,Caffeine_agg
Coffee,335.870855,73.49710983,200.5895954
Energy Shots,57.74225875,16.5,193.4166667
Energy Drinks,388.9711979,86.67123288,147.8675799
Tea,360.47408,52.75757576,55.86363636
Water,394.590111,11.53846154,53.73076923
Soft Drinks,355.2434539,111.1111111,33.67777778
